Feature set,AUROC,CI low,CI high
Without Demographics,0.7590568469285475,0.688777423226176,0.8141419047337803
Without Cancer & treatment,0.7051692043339219,0.6296349420956303,0.7656281469629691
Without Diagnoses,0.7581499689752278,0.6959312539639266,0.8150710115604692
Without Medications,0.7683642785547228,0.6986010902504352,0.8231883069649026
Without Utilization,0.7640208104625077,0.6940522289672981,0.819256309229094
Without Vitals,0.7693188869266384,0.7024791622195282,0.8213984842639356
Without Labs,0.738962340699728,0.67479061302682,0.7984309657878063
Without Baseline PROMIS scores,0.7350484463748747,0.6666708283328866,0.7961242558634032
Only baseline PROMIS scores,0.62968354732471,0.5575516473005017,0.6990803217863768
