feature,importance,std
stage,0.044184048494105205,0.013609725209631999
albumin_g_dl,0.03130876807789597,0.011114102276312158
baseline_gmh,0.03017039759438684,0.007866906974035815
baseline_gph,0.02715383513913413,0.0066375990467427825
ecog_status,0.01750513101999899,0.009539684206431058
hemoglobin_g_dl,0.01664598348527512,0.012081462562377559
num_comorbidities,0.012968354732470988,0.007122045433461085
age,0.005894706696577695,0.0043723121629314085
chemo_regimen,0.0017636389671137065,0.0020317956775380537
depression_history,0.0013722495346283725,0.0033172082919869766
cancer_type,0.0010023387905111537,0.0014641651138540255
alt_u_l,0.0008161901579876341,0.0028232007997510155
wbc_k_ul,0.0005846976277981475,0.001087151313299309
med_opioid,0.0005656054603598526,0.002501514536639476
platelets_k_ul,0.0002816094697150051,0.0004046965340314127
diastolic_bp,0.0001718295069447484,0.0003192590617763326
weight_loss_pct_6m,0.00014796429764684093,0.0036176351277822463
diabetes,4.2957376736174614e-05,0.00017465681316911505
insurance,2.625173022766658e-05,6.66091629848156e-05
systolic_bp,1.1932604648901001e-05,0.000805340319144524
treatment_intent,0.0,0.0
marital_status,0.0,0.0
psychiatry_visits_6m,0.0,0.0
bilirubin_mg_dl,0.0,0.0
med_antiemetic,0.0,0.0
med_steroid,0.0,0.0
heart_disease,0.0,0.0
ed_visits_6m,0.0,0.0
prior_surgery,0.0,0.0
months_since_diagnosis,0.0,0.0
hypertension,0.0,0.0
copd,0.0,0.0
bmi,0.0,0.0
hospitalizations_6m,0.0,0.0
temperature_c,0.0,0.0
resp_rate,0.0,0.0
heart_rate,0.0,0.0
sex,0.0,0.0
glucose_mg_dl,0.0,0.0
smoking_status,0.0,0.0
sodium_mmol_l,-3.102477208726251e-05,0.0003238201998527735
prior_radiation,-7.398214882350929e-05,0.00030016134345423355
crp_mg_l,-0.00021001384182142146,0.0012293154401154735
potassium_mmol_l,-0.00042480072550239446,0.0019631597179536127
med_antidepressant,-0.0005321941673428921,0.000549475389953491
creatinine_mg_dl,-0.0006348145673237993,0.002451508830258335
race,-0.000883012744021816,0.0008155479172192452
ldh_u_l,-0.0018233019903585168,0.0010095406666146597
psa_ng_ml,-0.0018901245763925656,0.002148844437133448
num_med_classes,-0.0019426280368478987,0.0021224799980123954
med_analgesic,-0.0025440313111546433,0.0014482151526018418
spo2,-0.0045654145386855305,0.006382170524320577
